"Bengkulu,Indonesia","Bengkulu, Bengkulu City, Bengkulu, Indonesia"
"Kuantan,Malaysia","Kuantan, Pahang, Malaysia"
"Sandakan,Malaysia","Sandakan, Sabah, Malaysia"
"Alor Setar,Malaysia","Alor Setar, Kedah, Malaysia"
"Kuala Terengganu,Malaysia","Kuala Terengganu, Terengganu, Malaysia"
"Haiphong,Vietnam","Hai Phong, Haiphong, Vietnam"
"Bogor,Indonesia","Bogor, Kp. Parung Jambu, Bogor City, West Java, Indonesia"
"Cilacap,Indonesia","Cilacap Regency, Central Java, Indonesia"
"Malang,Indonesia","Malang, Malang City, East Java, Indonesia"
"Ca Mau,Vietnam","C Mau, Ca Mau, Vietnam"
"Kota Baharu,Malaysia","Kota Bharu, Kelantan, Malaysia"
"Pakalongan,Indonesia","Pakalongan, Sodonghilir, Tasikmalaya, West Java, Indonesia"
"Qui Nhon,Vietnam","Qui Nhn, Binh Dinh Province, Vietnam"
"Surakarta,Indonesia","Surakarta, Surakarta City, Central Java, Indonesia"
"Mawlamyine,Myanmar","Mawlamyine, Myanmar (Burma)"
"Yogyakarta,Indonesia","Yogyakarta, Yogyakarta City, Special Region of Yogyakarta, Indonesia"
"Bandung,Indonesia","Bandung, Bandung City, West Java, Indonesia"
"Jakarta,Indonesia","Jakarta, Indonesia"
"Bukittinggi,Indonesia","Bukittinggi, Bukittinggi City, West Sumatra, Indonesia"
"Viet Tri,Vietnam","Viet Tri, Phu Tho Province, Vietnam"
"Bandjarmasin,Indonesia","Banjarmasin, Banjarmasin City, South Kalimantan, Indonesia"
"Long Xuyen,Vietnam","Long Xuyn, An Giang Province, Vietnam"
"Hat Yai,Thailand","Hat Yai, Hat Yai District, Songkhla 90110, Thailand"
"Seremban,Malaysia","Seremban, Negeri Sembilan, Malaysia"
"Mandalay,Myanmar","Mandalay, Myanmar (Burma)"
"Samarinda,Indonesia","Samarinda, Samarinda City, East Kalimantan, Indonesia"
"Khulna,Bangladesh","Khulna, Bangladesh"
"Kelang,Malaysia","Port Klang, Selangor, Malaysia"
"Semarang,Indonesia","Semarang, Semarang City, Central Java, Indonesia"
"Banda Aceh,Indonesia","Banda Aceh, Banda Aceh City, Aceh, Indonesia"
"Ho Chi Minh City,Vietnam","Ho Chi Minh City, Vietnam"
"Thai Nguyen,Vietnam","Thi Nguyn, Thai Nguyen, Vietnam"
"Rach Gia,Vietnam","Rch Gi, Kien Giang, Vietnam"
"Surabaya,Indonesia","Surabaya, Surabaya City, East Java, Indonesia"
"Palembang,Indonesia","Palembang, Palembang City, South Sumatra, Indonesia"
"Balikpapan,Indonesia","Balikpapan, Balikpapan City, East Kalimantan, Indonesia"
"Denpasar,Indonesia","Denpasar, Denpasar City, Bali, Indonesia"
"Butterworth,Malaysia","Butterworth, Penang, Malaysia"
"Naypyidaw,Myanmar","Naypyitaw, Myanmar (Burma)"
"Kuching,Malaysia","Kuching, Sarawak, Malaysia"
"Bago,Myanmar","Bago, Myanmar (Burma)"
"Bekasi,Indonesia","Bekasi, Bekasi City, West Java, Indonesia"
"Medan,Indonesia","Medan, Medan City, North Sumatra, Indonesia"
"Bien Hoa,Vietnam","Bien Hoa, Dong Nai, Vietnam"
"Pematangsiantar,Indonesia","Pematang Siantar City, North Sumatra, Indonesia"
"Jambi,Indonesia","Jambi, Indonesia"
"Hue,Vietnam","Hu, Thua Thien Hue, Vietnam"
"Phnom Penh,Cambodia","Phnom Penh, Cambodia"
"Nonthaburi,Thailand","Nonthaburi, Mueang Nonthaburi District, Nonthaburi, Thailand"
"Manado,Indonesia","Manado, Manado City, North Sulawesi, Indonesia"
"Nakhon Ratchasima,Thailand","Nakhon Ratchasima, Nai Mueang, Mueang Nakhon Ratchasima District, Nakhon Ratchasima 30000, Thailand"
"Malacca,Malaysia","Malacca, Malaysia"
"Kuala Lumpur,Malaysia","Kuala Lumpur, Federal Territory of Kuala Lumpur, Malaysia"
"Ujungpandang,Indonesia","Makassar, Makassar City, South Sulawesi, Indonesia"
"Vientiane,Laos","Vientiane, Laos"
"Shah Alam,Malaysia","Shah Alam, Selangor, Malaysia"
"Tasikmalaya,Indonesia","Tasikmalaya, West Java, Indonesia"
"Comilla,Bangladesh","Comilla, Bangladesh"
"Can Tho,Vietnam","Can Tho, Ninh Kiu, Cn Th, Vietnam"
"Cirebon,Indonesia","Cirebon, Cirebon City, West Java, Indonesia"
"Rangoon,Myanmar","Yangon, Myanmar (Burma)"
"Pekanbaru,Indonesia","Pekanbaru, Pekanbaru City, Riau, Indonesia"
"Rangpur,Bangladesh","Rangpur, Bangladesh"
"Chiang Mai,Thailand","Chiang Mai, Mueang Chiang Mai District, Chiang Mai, Thailand"
"Mataram,Indonesia","Mataram, Mataram City, West Nusa Tenggara, Indonesia"
"Sukabumi,Indonesia","Sukabumi, West Java, Indonesia"
"Pontianak,Indonesia","Pontianak, West Kalimantan, Indonesia"
"Rajshahi,Bangladesh","Rajshahi, Bangladesh"
"Tawau,Malaysia","Tawau, Sabah, Malaysia"
"Bangkok,Thailand","Bangkok, Thailand"
"George Town,Malaysia","George Town, Penang, Malaysia"
"Bandar Lampung,Indonesia","Bandar Lampung, Bandar Lampung City, Lampung, Indonesia"
"Gorontalo,Indonesia","Gorontalo, Gorontalo City, Gorontalo, Indonesia"
"Pasuruan,Indonesia","Pasuruan, Pasuruan City, East Java, Indonesia"
"Samut Prakan,Thailand","Samut Prakan, Thailand"
"Da Nang,Vietnam","Da Nang, Hi Chu, Da Nang, Vietnam"
"Mymensingh,Bangladesh","Mymensingh, Bangladesh"
"Vinh,Vietnam","Vinh, Nghe An, Vietnam"
"Chittagong,Bangladesh","Chittagong, Bangladesh"
"Dhaka,Bangladesh","Dhaka, Bangladesh"
"Hanoi,Vietnam","Hanoi, Hon Kim, Hanoi, Vietnam"
"Ipoh,Malaysia","Ipoh, Perak, Malaysia"
"Palu,Indonesia","Palu, Palu City, Central Sulawesi, Indonesia"
"Sungai Petani,Malaysia","Sungai Petani, Kedah, Malaysia"
"Kupang,Indonesia","Kupang, Kupang City, East Nusa Tenggara, Indonesia"
"Nha Trang,Vietnam","Nha Trang, Khanh Hoa Province, Vietnam"
"Binjai,Indonesia","Binjai, Binjai City, North Sumatra, Indonesia"
"Johor Bahru,Malaysia","Johor Bahru, Johor, Malaysia"
"Padang,Indonesia","Padang, Padang City, West Sumatra, Indonesia"
"Jember,Indonesia","Jember Regency, East Java, Indonesia"
"Kota Kinabalu,Malaysia","Kota Kinabalu, Sabah, Malaysia"
"Long Xuyen,Vietnam","Long Xuyn, An Giang Province, Vietnam"
"Qui Nhon,Vietnam","Qui Nhn, Binh Dinh Province, Vietnam"
"Ca Mau,Vietnam","C Mau, Ca Mau, Vietnam"
"Hue,Vietnam","Hu, Thua Thien Hue, Vietnam"
"Da Nang,Vietnam","Da Nang, Hi Chu, Da Nang, Vietnam"
"Thai Nguyen,Vietnam","Thi Nguyn, Thai Nguyen, Vietnam"
"Rach Gia,Vietnam","Rch Gi, Kien Giang, Vietnam"
"Hanoi,Vietnam","Hanoi, Hon Kim, Hanoi, Vietnam"
"Can Tho,Vietnam","Can Tho, Ninh Kiu, Cn Th, Vietnam"
